rouge1,rouge2,rougeL,rougeLsum
0.3312851340266201,0.0896622903373597,0.2686675398904501,0.2705214535206796
